Question,Answer
1. What are the Sustainable Development Goals (SDGs) and when were they created?,"The Sustainable Development Goals (SDGs) are a set of 17 goals created in the year 2015 by leaders from 193 countries to address global challenges such as poverty, hunger, climate change, and inequality."
2. How many countries are involved in working towards achieving the SDGs by 2030?,193 countries are involved in working towards achieving the Sustainable Development Goals (SDGs) by 2030.
3. What is the main goal related to poverty that the United Nations Development Programme (UNDP) is working towards achieving by 2030?,"The main goal related to poverty that the United Nations Development Programme (UNDP) is working towards achieving by 2030 is to ""End Extreme Poverty in All Forms by 2030."""
4. What progress has been made in reducing hunger and malnutrition in the past 20 years?,"In the past 20 years, hunger has dropped by almost half. Many countries that used to suffer from famine and hunger can now meet the nutritional needs of their most vulnerable people."
5. What is the goal related to health and well-being for all ages?,The goal related to health and well-being for all ages is to ensure healthy lives and promote well-being for all at all ages.
6. What progress has been made in achieving gender equality and empowering women and girls?,"Since 2000, there has been significant progress in achieving gender equality and empowering women and girls. More girls are in school compared to 2000, and most regions have reached gender parity in primary education. Additionally, the percentage of women getting paid for their work is on the rise. The Sustainable Development Goals aim to build on these achievements to ensure an end to discrimination against women and girls everywhere."
7. What is the goal related to ensuring access to clean drinking water for all by 2030?,"The goal related to ensuring access to clean drinking water for all by 2030 is ""Ensure availability and sustainable management of water and sanitation for all."""
8. How has access to electricity changed between 1990 and 2010?,"Between 1990 and 2010, the number of people with access to electricity increased by 1.7 billion."
9. What is the goal related to promoting sustainable economic growth and decent work for all?,"The goal related to promoting sustainable economic growth and decent work for all is to ""Promote sustained, inclusive and sustainable economic growth, full and productive employment, and decent work for all."""
10. How can technological progress help address global challenges related to sustainable development?,"Technological progress can help address global challenges related to sustainable development by creating innovative solutions that promote sustainable industries, improve infrastructure, and bridge the digital divide. By investing in innovation and technology, we can enhance access to resources, improve efficiency, and facilitate sustainable development practices. Additionally, technological advancements can support scientific research and innovation, leading to solutions that address issues such as climate change, poverty, and inequality."
